{
  "App.js": 1776686094.4752614,
  "generate-icons.js": 1772355532.980013,
  "index.js": 499162500.0,
  "metro.config.js": 1772354980.3964348,
  "modifyAppContext.js": 1777203592.1637194,
  "modifyAppNavigator.js": 1777203592.165375,
  "modifyDeviceConflictScreen.js": 1777203592.166486,
  "modifyLoginScreen.js": 1777203592.168841,
  "patch.py": 1776157242.0266774,
  "patch_appcontext.js": 1777203592.1709535,
  "patch_coupon.js": 1777203592.172481,
  "patch_login.js": 1777203592.173993,
  "query_graph.py": 1778158905.826352,
  "upload-museum-images.js": 1772355532.5442288,
  "validate_json.js": 1774937138.5212317,
  "android\\app\\src\\main\\java\\com\\communitymed\\app\\MainActivity.kt": 1771997218.373908,
  "android\\app\\src\\main\\java\\com\\communitymed\\app\\MainApplication.kt": 1776437175.429324,
  "android\\app\\src\\main\\java\\com\\communitymed\\app\\ScreenCaptureProtectionModule.java": 1776678968.6954668,
  "android\\app\\src\\main\\java\\com\\communitymed\\app\\ScreenCaptureProtectionPackage.java": 1776437152.4591136,
  "scratch\\format_data.js": 1777954874.6410227,
  "scratch\\inject_style.js": 1777957155.4982417,
  "scratch\\list-bunny-libs.js": 1777821658.160189,
  "scratch\\list-bunny-videos.js": 1777821686.895701,
  "scratch\\list-videos.js": 1777821602.7211404,
  "scratch\\parse-bunny-dump.js": 1777821766.5411088,
  "scripts\\apply_staged_library_updates.py": 1777265229.3049736,
  "scripts\\audit_colors.js": 1772547735.8824155,
  "scripts\\auth_telegram.py": 1776158882.4297302,
  "scripts\\bunny-videos.js": 1777869755.7249196,
  "scripts\\check_review_queue.js": 1777560719.6051679,
  "scripts\\check_rules.js": 1777560719.6057596,
  "scripts\\create_admin.js": 1772355533.378721,
  "scripts\\download-remaining-nhp-logos.js": 1775300401.579737,
  "scripts\\dump_review_doc.js": 1777560719.6063821,
  "scripts\\fetch_updates.py": 1777643989.0439153,
  "scripts\\generate-reading-illustrations.js": 1774758104.8590746,
  "scripts\\grant_lifetime_premium.js": 1775412414.646668,
  "scripts\\patch-mockData.js": 1772355533.3797212,
  "scripts\\pdf_to_json.py": 1771522074.787421,
  "scripts\\push_notifications.py": 1773332175.836584,
  "scripts\\refactor_colors.js": 1772547910.835821,
  "scripts\\reset_all_devices.js": 1776773141.873905,
  "scripts\\reset_devices.js": 1776771290.9485075,
  "scripts\\set_admin.js": 1777560719.6075256,
  "scripts\\stage-nhp-logo-crops.js": 1775298689.7760763,
  "scripts\\sync-reading-illustrations.js": 1775306756.8060327,
  "scripts\\update_rules.js": 1777869755.725922,
  "scripts\\upload-biostat-images.js": 1772355533.380719,
  "scripts\\upload-biostat-images.py": 1772355533.3817184,
  "scripts\\verify_mock_data.py": 1777266343.004308,
  "src\\components\\DrawerMenu.js": 1777266264.8196857,
  "src\\components\\DropdownPicker.js": 1777467083.0792534,
  "src\\components\\ErrorBoundary.js": 1775309431.080167,
  "src\\components\\ReadingView.js": 1778155785.6767108,
  "src\\components\\UpdateDetailDialog.js": 1777203329.2302506,
  "src\\config\\firebase.js": 1772355531.2110212,
  "src\\context\\AppContext.js": 1777871079.3061538,
  "src\\data\\defaultTopicIllustrations.js": 1775143847.0992994,
  "src\\data\\museumData.js": 1777956926.1768365,
  "src\\hooks\\useSessionEnforcer.js": 1776915623.531863,
  "src\\navigation\\AppNavigator.js": 1777871988.995083,
  "src\\screens\\AdminLibraryReviewScreen.js": 1777561970.1780882,
  "src\\screens\\AnthropometryScreen.js": 1772880768.4740195,
  "src\\screens\\BiostatsAssistantScreen.js": 1772955351.187009,
  "src\\screens\\BookmarksScreen.js": 1776677220.440355,
  "src\\screens\\DashboardScreen.js": 1777203362.7726176,
  "src\\screens\\DietarySurveyScreen.js": 1777467165.6328642,
  "src\\screens\\FieldToolboxScreen.js": 1772880766.4451642,
  "src\\screens\\LibraryScreen.js": 1778131963.850783,
  "src\\screens\\LoginScreen.js": 1776915579.839864,
  "src\\screens\\NotificationsScreen.js": 1777714475.7269208,
  "src\\screens\\PaywallScreen.js": 1777714483.3702476,
  "src\\screens\\ProfileScreen.js": 1777644143.6820407,
  "src\\screens\\QuizScreen.js": 1776677579.0425787,
  "src\\screens\\ReadingScreen.js": 1777949505.5862641,
  "src\\screens\\SearchScreen.js": 1777266393.020213,
  "src\\screens\\SESCalculatorScreen.js": 1777467142.2705004,
  "src\\screens\\SubTopicsScreen.js": 1776677237.0528798,
  "src\\screens\\UpdatesScreen.js": 1777605775.571606,
  "src\\screens\\VideosScreen.js": 1777872012.1809382,
  "src\\screens\\VirtualMuseumScreen.js": 1777955992.852251,
  "src\\services\\annotationService.js": 1777659007.7819853,
  "src\\services\\highlightService.js": 1777659005.6232884,
  "src\\services\\notificationService.js": 1777714709.3918688,
  "src\\services\\topicIllustrations.js": 1775143906.3026435,
  "src\\services\\videoService.js": 1777869755.728923,
  "src\\styles\\theme.js": 1776440555.8890755,
  "src\\utils\\contentRegistry.js": 1777266111.568834,
  "src\\utils\\deviceUtils.js": 1776915497.5873566,
  "src\\utils\\reviewPrompt.js": 1777871530.6764872,
  "src\\utils\\screenCaptureProtection.js": 1776675749.994553,
  "src\\utils\\tts.js": 1773723664.9753537,
  "AGENTS.md": 1777781256.5515063,
  "CUSTOM_INSTRUCTION_EAS.md": 1775129844.3814962,
  "EAS_UPDATE_GUIDELINES.md": 1775129820.4595375,
  "docs\\library-update-review-workflow.md": 1777266382.0541723,
  "docs\\play_store_metadata.md": 1772355533.364325,
  "docs\\privacy.html": 1776931500.240169,
  "docs\\purposeful-image-placement.md": 1774754386.8025944,
  "android\\app\\src\\main\\res\\drawable-hdpi\\notification_icon.png": 1776686130.2448807,
  "android\\app\\src\\main\\res\\drawable-hdpi\\splashscreen_logo.png": 1776686127.6926472,
  "android\\app\\src\\main\\res\\drawable-mdpi\\notification_icon.png": 1776686130.247039,
  "android\\app\\src\\main\\res\\drawable-mdpi\\splashscreen_logo.png": 1776686127.6945374,
  "android\\app\\src\\main\\res\\drawable-xhdpi\\notification_icon.png": 1776686130.2496662,
  "android\\app\\src\\main\\res\\drawable-xhdpi\\splashscreen_logo.png": 1776686127.6926472,
  "android\\app\\src\\main\\res\\drawable-xxhdpi\\notification_icon.png": 1776686130.2597253,
  "android\\app\\src\\main\\res\\drawable-xxhdpi\\splashscreen_logo.png": 1776686127.6926472,
  "android\\app\\src\\main\\res\\drawable-xxxhdpi\\notification_icon.png": 1776686130.247039,
  "android\\app\\src\\main\\res\\drawable-xxxhdpi\\splashscreen_logo.png": 1776686129.9631119,
  "android\\app\\src\\main\\res\\mipmap-hdpi\\ic_launcher.webp": 1776686117.717298,
  "android\\app\\src\\main\\res\\mipmap-hdpi\\ic_launcher_foreground.webp": 1776686120.535461,
  "android\\app\\src\\main\\res\\mipmap-hdpi\\ic_launcher_round.webp": 1776686118.8370156,
  "android\\app\\src\\main\\res\\mipmap-mdpi\\ic_launcher.webp": 1776686117.717298,
  "android\\app\\src\\main\\res\\mipmap-mdpi\\ic_launcher_foreground.webp": 1776686120.535461,
  "android\\app\\src\\main\\res\\mipmap-mdpi\\ic_launcher_round.webp": 1776686118.8370156,
  "android\\app\\src\\main\\res\\mipmap-xhdpi\\ic_launcher.webp": 1776686117.717298,
  "android\\app\\src\\main\\res\\mipmap-xhdpi\\ic_launcher_foreground.webp": 1776686120.535461,
  "android\\app\\src\\main\\res\\mipmap-xhdpi\\ic_launcher_round.webp": 1776686118.7064822,
  "android\\app\\src\\main\\res\\mipmap-xxhdpi\\ic_launcher.webp": 1776686117.8249168,
  "android\\app\\src\\main\\res\\mipmap-xxhdpi\\ic_launcher_foreground.webp": 1776686120.5369792,
  "android\\app\\src\\main\\res\\mipmap-xxhdpi\\ic_launcher_round.webp": 1776686118.7064822,
  "android\\app\\src\\main\\res\\mipmap-xxxhdpi\\ic_launcher.webp": 1776686117.829291,
  "android\\app\\src\\main\\res\\mipmap-xxxhdpi\\ic_launcher_foreground.webp": 1776686120.538747,
  "android\\app\\src\\main\\res\\mipmap-xxxhdpi\\ic_launcher_round.webp": 1776686118.9550035,
  "assets\\adaptive-icon.png": 1772355533.1958623,
  "assets\\favicon.png": 1772355533.196859,
  "assets\\icon.png": 1772355533.2122355,
  "assets\\notification-icon.png": 1772355532.9760008,